,AAPL,MSFT,NVDA,SPY,JPM
0,121.39,235.24,12.95,395.78,152.68
1,119.9,231.85,12.87,394.73,154.48
2,122.15,235.77,13.35,396.33,152.23
3,123.0,242.35,13.81,400.61,153.71
4,125.9,249.07,13.99,406.36,153.62
5,126.21,247.86,13.86,406.12,152.54
6,127.9,249.9,14.14,406.59,154.93
7,130.36,253.25,14.32,408.52,155.12
8,133.0,255.85,14.4,411.49,156.28
9,131.24,255.91,15.21,411.64,155.95
10,134.43,258.49,15.68,412.86,154.09
11,132.03,255.59,15.28,411.45,151.21
12,134.5,259.5,16.14,415.87,152.17
13,134.16,260.74,15.91,417.26,153.3
14,134.84,258.74,15.36,415.21,152.65
15,133.11,258.26,15.17,412.17,149.27
16,133.5,260.58,15.36,416.07,150.54
17,131.94,257.17,14.85,412.27,147.37
18,134.32,261.15,15.27,416.74,150.19
19,134.72,261.55,15.48,417.61,150.56
20,134.39,261.97,15.38,417.52,151.25
21,133.58,254.56,15.28,417.4,152.23
22,133.48,252.51,15.32,420.06,155.19
23,131.46,252.18,15.01,417.3,153.81
24,132.54,251.86,14.84,418.2,153.36
25,127.85,247.79,14.35,415.62,155.48
26,128.1,246.47,14.46,415.75,157.52
27,129.74,249.73,14.52,419.07,160.69
28,130.21,252.46,14.81,422.12,161.24
29,126.85,247.18,14.27,417.94,161.22
30,125.91,246.23,14.31,414.21,158.54
31,122.77,239.0,13.76,405.41,157.45
32,124.97,243.03,13.67,410.28,161.5
33,127.45,248.15,14.24,416.58,164.01
34,126.27,245.18,14.17,415.52,164.67
35,124.85,243.08,14.02,411.94,162.35
36,124.69,243.12,14.07,410.86,161.11
37,127.31,246.48,14.61,415.28,160.83
38,125.43,245.17,14.99,414.94,162.66
39,127.1,250.78,15.61,419.17,163.54
40,126.9,251.72,15.65,418.24,161.85
41,126.85,251.49,15.7,419.07,161.83
42,125.28,249.31,15.49,419.29,164.35
43,124.61,249.68,16.24,420.04,164.24
44,124.28,247.4,16.26,419.67,166.05
45,125.06,247.3,16.78,420.33,166.06
46,123.54,245.71,16.97,418.77,166.17
47,125.89,250.79,17.58,422.6,166.44
48,125.9,253.81,17.62,422.19,165.66
49,126.74,252.57,17.46,422.28,165.0
50,127.13,253.59,17.36,421.65,162.94
51,126.11,257.24,17.43,423.61,160.4
52,127.35,257.89,17.83,424.31,160.29
53,130.48,259.89,18.02,425.26,157.57
54,129.64,258.36,17.79,424.48,155.18
55,130.15,257.38,17.81,422.11,156.27
56,131.79,260.9,18.66,421.97,151.76
57,130.46,259.43,18.64,414.92,147.92
58,132.3,262.63,18.43,420.86,150.43
59,133.98,265.51,18.89,423.11,150.21
60,133.7,265.27,19.06,422.6,151.12
61,133.41,266.69,19.21,425.1,152.51
62,133.11,265.02,19.03,426.61,154.05
63,134.78,268.72,19.99,427.47,154.33
64,136.33,271.4,20.03,427.7,154.14
65,136.96,270.9,20.0,428.06,155.54
66,137.27,271.6,20.21,430.43,157.08
67,139.96,277.65,20.49,433.72,156.03
68,142.02,277.66,20.7,432.93,153.41
69,144.57,279.93,20.37,434.46,153.59
70,143.24,277.42,19.9,430.92,150.94
71,145.11,277.94,20.05,435.52,155.77
72,144.5,277.32,20.51,437.08,158.0
73,145.64,280.98,20.25,435.59,155.65
74,149.15,282.51,19.84,436.24,155.12
75,148.48,281.03,18.97,434.75,155.46
76,146.39,280.75,18.16,431.34,151.91
77,142.45,277.01,18.78,424.97,146.97
78,146.15,279.32,18.61,431.06,149.71
79,145.4,281.4,19.41,434.55,152.86
80,146.8,286.14,19.59,435.46,150.93
81,148.56,289.67,19.56,439.94,150.64
82,148.99,289.05,19.29,441.02,151.65
83,146.77,286.54,19.21,439.01,151.45
84,144.98,286.22,19.5,438.83,151.7
85,145.64,286.5,19.66,440.65,153.0
86,145.86,284.91,19.5,438.51,151.78
87,145.52,284.82,19.75,437.59,151.17
88,147.36,287.12,19.82,441.15,152.89
89,146.95,286.51,20.27,438.98,151.24
90,147.06,289.52,20.64,441.76,153.15
91,146.14,289.46,20.37,442.49,157.5
92,146.09,288.33,20.3,442.13,157.33
93,145.6,286.44,19.94,442.68,159.26
94,145.86,286.95,19.7,443.78,161.16
95,148.89,289.81,19.91,445.11,161.79
96,149.1,292.85,20.19,445.92,159.98
97,151.12,294.6,19.95,446.97,158.93
98,150.19,293.08,19.46,444.04,157.01
99,146.36,290.73,19.04,439.18,155.58
100,146.7,296.77,19.8,439.86,154.28
101,148.19,304.36,20.82,443.36,154.72
102,149.71,304.65,21.96,447.26,156.7
103,149.62,302.62,21.79,447.97,157.67
104,148.36,302.01,22.21,448.91,160.92
105,147.54,299.09,22.07,446.26,161.75
106,148.6,299.72,22.64,450.25,163.05
107,153.12,303.59,22.69,452.23,160.44
108,151.83,301.88,22.39,451.56,159.95
109,152.51,301.83,22.44,451.8,159.72
110,153.65,301.15,22.4,453.19,160.46
111,154.3,301.14,22.84,453.08,159.49
112,156.69,300.18,22.66,451.46,159.21
113,155.11,300.21,22.34,450.91,158.5
114,154.07,297.25,22.18,448.98,159.19
115,148.97,295.71,22.48,445.44,157.36
116,149.55,296.99,22.15,446.58,159.86
117,148.12,299.79,22.24,444.17,157.07
118,149.03,304.82,22.34,447.88,158.16
119,148.79,305.22,22.24,447.17,158.09
120,146.06,299.87,21.9,441.4,157.68
121,142.94,294.3,21.11,434.04,152.96
122,143.43,294.8,21.25,433.63,152.98
123,145.85,298.58,21.94,437.86,155.91
124,146.83,299.56,22.48,443.18,161.18
125,146.92,299.35,22.08,443.91,163.04
126,145.37,294.17,21.66,442.64,166.98
127,141.91,283.52,20.7,433.72,166.08
128,142.83,284.0,20.52,434.45,165.95
129,141.5,281.92,20.72,429.14,163.69
130,142.65,289.1,20.74,434.24,167.13
131,139.14,283.11,19.73,428.64,166.95
132,141.11,288.76,20.45,433.1,168.66
133,142.0,293.11,20.7,434.9,169.02
134,143.29,294.85,21.08,438.66,170.09
135,142.9,294.85,20.83,437.86,170.22
136,142.81,294.23,20.7,434.69,166.64
137,141.51,292.88,20.67,433.62,165.36
138,140.91,296.31,20.94,435.18,161.0
139,143.76,302.75,21.75,442.5,163.47
140,144.84,304.21,21.86,445.87,166.61
141,146.55,307.29,22.22,447.19,166.55
142,148.76,308.23,22.29,450.64,168.57
143,149.26,307.41,22.1,452.41,170.84
144,149.48,310.76,22.69,453.59,169.5
145,148.69,309.16,22.73,453.12,171.78
146,148.64,308.13,23.17,455.55,170.94
147,149.32,310.11,24.72,455.96,171.4
148,148.85,323.17,24.45,453.94,167.83
149,152.57,324.35,24.94,458.32,170.36
150,149.8,331.62,25.57,459.25,169.89
151,148.96,329.37,25.83,460.04,169.8
152,150.02,333.13,26.4,461.9,170.47
153,151.49,334.0,26.6,464.72,170.53
154,150.96,336.44,29.8,466.91,168.29
155,151.28,336.06,29.75,468.53,168.05
156,150.44,336.99,30.8,468.93,169.06
157,150.81,335.95,30.66,467.38,167.78
158,147.92,330.8,29.46,463.62,167.62
159,147.87,332.43,30.39,463.77,167.61
160,149.99,336.72,30.39,467.27,166.86
161,150.0,336.07,30.03,467.43,166.56
162,151.0,339.51,30.2,469.28,165.36
163,153.49,339.12,29.26,468.14,164.47
164,157.87,341.27,31.68,469.73,163.05
165,160.55,343.11,32.99,468.89,160.92
166,161.02,339.83,31.96,467.57,164.35
167,161.41,337.68,31.75,468.19,168.28
168,161.94,337.91,32.67,469.44,166.96
169,156.81,329.68,31.5,458.97,161.93
170,160.24,336.63,33.38,464.6,161.23
171,165.3,330.59,32.68,455.56,158.83
172,164.77,330.08,31.44,450.5,157.89
173,163.76,329.49,32.13,457.4,161.21
174,161.84,323.01,30.69,453.42,158.29
175,165.32,326.19,30.04,458.79,160.16
176,171.18,334.92,32.43,468.28,162.57
177,175.08,334.97,31.83,469.52,160.71
178,174.56,333.1,30.49,466.35,160.46
179,179.45,342.54,30.2,470.74,159.82
180,175.74,339.4,28.16,466.57,157.92
181,174.33,328.34,28.34,463.36,159.13
182,179.3,334.65,30.46,470.6,157.94
183,172.26,324.9,28.39,466.45,160.41
184,171.14,323.8,27.8,459.87,156.76
185,169.75,319.91,27.72,454.98,153.94
186,172.99,327.29,29.08,463.06,156.09
187,175.64,333.2,29.4,467.69,156.7
188,176.28,334.69,29.64,470.6,157.26
189,180.33,342.45,30.95,477.26,158.16
190,179.29,341.25,30.32,476.87,158.64
191,179.38,341.95,30.0,477.48,158.56
192,178.2,339.32,29.59,476.16,158.48
193,177.57,336.32,29.41,474.96,158.35
194,182.01,334.75,30.12,477.71,161.7
195,179.7,329.01,29.29,477.55,167.83
196,174.92,316.38,27.6,468.38,163.78
197,172.0,313.88,28.18,467.94,165.52
198,172.17,314.04,27.25,466.09,167.16
199,172.19,314.27,27.4,465.51,167.32
200,175.08,314.98,27.82,469.75,167.49
201,175.53,318.27,28.0,471.02,168.44
202,172.19,304.8,26.58,464.53,168.23
203,173.07,310.2,26.94,464.72,157.89
204,169.8,302.65,25.9,456.49,151.27
205,166.23,303.33,25.07,451.75,148.93
206,164.51,301.6,24.15,446.75,147.66
207,162.41,296.03,23.37,437.98,145.08
208,161.62,296.37,23.37,439.84,144.95
209,159.78,288.49,22.32,434.47,146.53
210,159.69,296.71,22.77,433.38,147.92
211,159.22,299.84,21.94,431.24,145.31
212,170.33,308.26,22.84,441.95,146.61
213,174.78,310.98,24.49,449.91,148.6
214,174.61,308.76,24.64,452.95,151.15
215,175.84,313.46,25.24,457.35,149.94
216,172.9,301.25,23.95,446.6,148.7
217,172.39,305.94,24.32,448.7,152.56
218,171.66,300.95,24.73,447.26,153.07
219,174.83,304.56,25.11,450.94,155.95
220,176.28,311.21,26.71,457.54,156.6
221,172.12,302.38,25.82,449.32,155.95
222,168.64,295.04,23.95,440.46,153.92
223,168.88,295.0,24.27,439.02,152.49
224,172.79,300.47,26.5,446.1,154.72
225,172.55,299.5,26.51,446.6,155.0
226,168.88,290.73,24.51,437.06,151.43
227,167.3,287.93,23.64,434.23,152.14
228,164.32,287.72,23.39,429.57,151.87
229,160.07,280.27,22.39,421.95,148.69
230,162.74,294.59,23.75,428.3,144.55
231,164.85,297.31,24.16,437.75,147.97
232,165.12,298.79,24.39,436.63,141.8
233,163.2,294.95,23.48,429.98,136.45
234,166.56,300.19,24.22,437.89,139.28
235,166.23,295.92,23.71,435.71,138.29
236,163.17,289.86,22.94,432.17,134.4
237,159.3,278.91,21.35,419.43,129.21
238,157.44,275.85,21.51,416.25,128.3
239,162.95,288.5,23.01,427.41,133.44
240,158.52,285.59,22.66,425.48,131.86
241,154.73,280.07,22.1,420.07,128.89
242,150.62,276.44,21.33,417.0,130.17
243,155.09,287.15,22.97,426.17,132.48
244,159.59,294.39,24.5,435.62,138.4
245,160.62,295.22,24.77,441.07,140.15
246,163.98,300.43,26.45,444.52,140.1
247,165.38,299.16,26.73,444.39,139.65
248,168.82,304.06,26.52,449.59,142.62
249,170.21,299.49,25.63,443.8,139.78
250,174.07,304.1,28.15,450.49,140.69
251,174.72,303.68,27.69,452.69,141.92
252,175.6,310.7,28.22,455.91,140.87
253,178.96,315.41,28.66,461.55,141.18
254,177.77,313.86,27.69,458.7,140.54
255,174.61,308.31,27.29,451.64,136.32
256,174.31,309.42,26.71,452.92,135.31
257,178.44,314.97,27.36,456.8,135.91
258,175.06,310.88,25.93,451.03,133.34
259,171.83,299.5,24.41,446.52,131.49
260,172.14,301.37,24.21,448.77,131.09
261,170.09,296.97,23.12,447.57,133.49
262,165.75,285.26,21.92,439.92,133.0
263,167.66,282.06,21.5,438.29,131.54
264,170.4,287.62,22.2,443.31,127.3
265,165.29,279.83,21.26,437.79,126.12
266,165.07,280.52,21.78,437.97,128.46
267,167.4,285.3,22.2,445.04,131.12
268,167.23,286.36,21.48,444.71,131.58
269,166.42,280.81,20.18,438.06,130.56
270,161.79,274.03,19.52,426.04,126.81
271,162.88,280.72,19.9,428.51,126.77
272,156.8,270.22,18.79,416.1,123.02
273,156.57,283.22,18.42,417.27,121.42
274,163.64,289.63,19.78,427.81,123.34
275,157.65,277.52,18.55,412.0,119.36
276,157.96,284.47,19.53,414.48,120.45
277,159.48,281.78,19.6,416.38,123.03
278,166.02,289.98,20.33,429.06,127.1
279,156.77,277.35,18.84,413.81,123.92
280,157.28,274.73,18.68,411.34,123.72
281,152.06,264.58,16.95,398.17,121.86
282,154.51,269.5,17.6,399.09,118.89
283,146.5,260.55,16.63,392.75,118.14
284,142.56,255.35,16.18,392.34,118.04
285,147.11,261.12,17.71,401.72,119.09
286,145.54,261.5,17.26,400.09,118.26
287,149.24,266.82,18.18,408.32,122.18
288,140.82,254.08,16.94,391.86,120.09
289,137.35,253.14,17.12,389.46,118.31
290,137.59,252.56,16.69,389.63,117.34
291,143.11,260.65,16.9,396.92,124.6
292,140.36,259.62,16.15,393.89,126.36
293,140.52,262.52,16.98,397.37,127.24
294,143.78,265.9,17.85,405.31,129.44
295,149.64,273.24,18.81,415.26,131.27
296,148.84,271.87,18.67,412.93,132.23
297,148.71,272.42,18.32,409.59,129.91
298,151.21,274.58,19.59,417.39,132.0
299,145.38,270.02,18.72,410.54,130.16
300,146.14,268.75,18.79,411.79,129.73
301,148.71,272.5,18.93,415.74,130.07
302,147.96,270.41,18.65,411.22,128.0
303,142.64,264.79,18.05,401.44,125.31
304,137.13,252.99,16.97,389.8,119.55
305,131.88,242.26,15.65,375.0,115.99
306,132.76,244.49,15.84,373.87,114.06
307,135.43,251.76,16.53,379.2,115.41
308,130.06,244.97,15.6,366.65,113.43
309,131.56,247.65,15.88,365.86,113.03
310,135.87,253.74,16.57,375.07,115.83
311,135.35,253.13,16.36,374.39,115.18
312,138.27,258.86,16.23,378.06,113.92
313,141.66,267.7,17.13,390.08,117.32
314,141.66,264.89,16.87,388.59,116.38
315,137.44,256.48,15.98,380.65,115.82
316,139.23,260.26,15.54,380.34,115.3
317,136.72,256.83,15.16,377.25,112.61
318,138.93,259.58,14.52,381.24,114.05
319,141.56,262.85,14.96,381.96,112.62
320,142.92,266.21,15.13,383.25,111.89
321,146.35,268.4,15.86,388.99,114.72
322,147.04,267.66,15.84,388.67,114.36
323,144.87,264.51,15.15,384.23,112.86
324,145.86,253.67,15.08,380.83,112.97
325,145.49,252.72,15.16,378.83,111.91
326,148.47,254.08,15.37,377.91,108.0
327,150.17,256.72,15.76,385.13,112.95
328,147.07,254.25,16.1,381.95,111.79
329,151.0,259.53,16.99,392.27,114.56
330,153.04,262.27,17.81,394.77,114.54
331,155.35,264.84,18.05,398.79,115.32
332,154.09,260.36,17.32,395.09,114.76
333,152.95,258.83,17.02,395.57,115.22
334,151.6,251.9,16.53,390.89,113.42
335,156.79,268.74,17.79,401.04,115.24
336,157.35,276.41,17.98,406.07,114.81
337,162.51,280.74,18.16,411.99,115.36
338,161.51,278.01,18.44,410.77,114.21
339,160.01,274.82,18.53,408.06,112.43
340,166.13,282.47,18.89,414.45,113.61
341,165.81,283.65,19.22,414.17,112.36
342,165.35,282.91,18.99,413.47,115.76
343,164.87,280.32,17.79,412.99,114.35
344,164.92,282.3,17.09,411.35,115.38
345,169.24,289.16,18.1,419.99,118.39
346,168.49,287.02,17.94,419.99,120.14
347,172.1,291.91,18.71,427.1,122.13
348,173.19,293.47,19.03,428.86,122.46
349,173.03,292.71,18.88,429.7,123.63
350,174.55,291.32,18.34,426.65,122.59
351,174.15,290.17,18.77,427.89,121.64
352,171.52,286.15,17.85,422.14,118.63
353,167.57,277.75,17.03,413.35,116.67
354,167.23,276.44,17.18,412.35,115.52
355,167.53,275.79,17.22,413.67,115.8
356,170.03,278.85,17.91,419.51,118.55
357,163.62,268.09,16.26,405.31,114.67
358,161.38,265.23,15.8,402.63,114.39
359,158.91,262.97,15.47,398.21,114.41
360,157.22,261.47,15.09,395.18,113.73
361,157.96,260.4,13.94,396.42,114.51
362,155.81,256.06,13.65,392.24,113.71
363,154.53,253.25,13.47,390.76,113.74
364,155.96,258.09,13.71,397.78,115.9
365,154.46,258.52,13.99,400.38,118.6
366,157.37,264.46,14.39,406.6,119.17
367,163.43,266.65,14.51,410.97,120.58
368,153.84,251.99,13.13,393.1,116.39
369,155.31,252.22,13.13,394.6,116.12
370,152.37,245.38,12.93,390.12,117.87
371,150.7,244.74,13.2,385.56,117.08
372,154.48,244.52,13.38,388.55,118.16
373,156.9,242.45,13.18,384.09,115.83
374,153.72,238.95,13.26,377.39,112.49
375,152.74,240.98,12.56,374.22,111.21
376,150.43,237.92,12.52,367.95,109.14
377,150.77,237.45,12.23,364.31,106.79
378,151.76,236.41,12.41,363.38,105.85
379,149.84,241.07,12.74,370.53,107.99
380,142.48,237.5,12.22,362.79,106.16
381,138.2,232.9,12.14,357.18,104.5
382,142.45,240.74,12.51,366.61,107.73
383,146.1,248.88,13.17,377.97,112.77
384,146.4,249.2,13.21,377.09,110.39
385,145.43,246.79,13.13,373.2,108.14
386,140.09,234.24,12.08,362.79,105.98
387,140.42,229.25,11.67,360.02,104.99
388,138.98,225.41,11.59,357.74,101.96
389,138.34,225.75,11.5,356.56,103.61
390,142.99,234.24,11.96,365.97,109.37
391,138.38,228.56,11.23,357.63,111.19
392,142.41,237.53,11.89,366.82,115.86
393,143.75,238.5,11.97,371.13,118.84
394,143.86,236.48,12.05,368.5,116.51
395,143.39,236.15,12.19,365.41,116.13
396,147.27,242.12,12.47,374.29,122.23
397,149.45,247.25,12.6,378.87,122.38
398,152.34,250.66,13.26,384.92,122.7
399,149.35,231.32,12.9,382.02,124.11
400,144.8,226.75,13.18,379.98,124.6
401,155.74,235.87,13.83,389.02,126.08
402,153.34,232.13,13.5,386.21,125.88
403,150.65,228.17,13.54,384.52,128.15
404,145.03,220.1,13.22,374.87,126.97
405,138.88,214.25,13.42,371.01,127.2
406,138.38,221.39,14.16,376.35,130.68
407,138.92,227.87,14.3,379.95,131.37
408,139.5,228.87,14.6,382.0,131.45
409,134.87,224.51,13.78,374.13,129.74
410,146.87,242.98,15.75,394.69,135.08
411,149.7,247.11,16.33,398.51,135.3
412,148.28,241.55,16.3,395.12,133.91
413,150.04,241.97,16.67,398.49,132.94
414,148.79,241.73,15.91,395.45,133.12
415,150.72,241.68,15.68,394.24,132.54
416,151.29,241.22,15.41,396.03,133.84
417,148.01,242.05,15.32,394.59,133.05
418,150.18,245.03,16.04,399.9,135.04
419,151.07,247.58,16.52,402.42,136.48
420,148.11,247.49,16.27,402.33,136.74
421,144.22,241.76,15.83,395.91,134.35
422,141.17,240.33,15.64,395.23,136.56
423,148.03,255.14,16.92,407.68,138.18
424,148.31,254.69,17.14,407.38,136.24
425,147.81,255.02,16.88,406.91,135.16
426,146.63,250.2,16.61,399.59,131.37
427,142.91,245.12,15.99,393.83,131.59
428,140.94,244.37,16.12,393.16,131.5
429,142.65,247.4,17.17,396.24,132.88
430,142.16,245.42,17.0,393.28,132.16
431,144.49,252.51,17.54,398.95,134.21
432,145.47,256.92,18.07,401.97,134.08
433,143.21,257.22,17.67,399.4,133.41
434,136.5,249.01,16.95,389.63,130.1
435,134.51,244.69,16.57,383.27,129.29
436,132.37,240.45,16.25,380.02,130.06
437,132.3,241.8,16.09,380.54,130.69
438,135.45,244.43,16.5,386.23,132.16
439,132.23,238.19,15.34,380.72,130.66
440,131.86,238.73,15.21,382.91,131.28
441,130.03,236.96,14.12,381.4,131.74
442,126.04,234.53,14.04,376.66,132.46
443,129.61,241.01,14.6,383.44,133.22
444,129.93,239.82,14.61,382.43,134.1
445,125.07,239.58,14.32,380.82,135.12
446,126.36,229.1,14.75,383.76,136.38
447,125.02,222.31,14.27,379.38,135.35
448,129.62,224.93,14.86,388.08,137.94
449,130.15,227.12,15.63,387.86,137.37
450,130.73,228.85,15.91,390.58,138.6
451,133.49,235.77,16.0,395.52,139.63
452,133.41,238.51,16.51,396.96,139.49
453,134.76,239.23,16.9,398.5,143.01
454,135.94,240.35,17.7,397.77,140.8
455,135.21,235.81,17.38,391.49,136.57
456,135.27,231.93,16.77,388.64,134.75
457,137.87,240.22,17.84,395.88,135.08
458,141.11,242.58,19.19,400.63,137.27
459,142.53,242.04,19.27,400.2,138.45
460,141.86,240.61,19.32,400.35,139.12
461,143.96,248.0,19.8,404.75,139.98
462,145.93,248.16,20.36,405.68,140.32
463,143.0,242.71,19.16,400.59,139.13
464,144.29,247.81,19.54,406.48,139.96
465,145.43,252.75,20.94,410.8,139.59
466,150.82,264.6,21.71,416.78,138.94
467,154.5,258.35,21.1,412.35,141.09
468,151.73,256.77,21.09,409.83,141.92
469,154.65,267.56,22.17,415.19,143.65
470,151.92,266.73,22.21,410.65,142.64
471,150.87,263.62,22.34,407.09,140.42
472,151.01,263.1,21.27,408.04,141.04
473,153.85,271.32,21.79,412.83,142.57
474,153.2,272.17,22.97,412.64,143.2
475,155.33,269.32,22.76,413.98,143.8
476,153.71,262.15,22.0,408.28,141.82
477,152.55,258.06,21.39,407.26,142.24
478,148.48,252.67,20.66,399.09,139.63
479,148.91,251.51,20.75,398.54,138.56
480,149.4,254.77,23.66,400.66,139.67
481,146.71,249.22,23.29,396.38,140.93
482,147.92,250.16,23.5,397.73,142.16
483,147.41,249.42,23.22,396.26,143.35
484,145.31,246.27,22.7,394.74,142.55
485,145.91,251.11,23.31,397.81,141.07
486,151.03,255.29,23.89,404.19,143.66
487,153.83,256.87,23.55,404.47,142.82
488,151.6,254.15,23.29,398.27,138.62
489,152.87,253.7,24.18,398.92,137.8
490,150.59,252.32,23.44,391.56,130.34
491,148.5,248.59,22.97,385.91,133.65
492,150.47,253.92,22.97,385.36,131.25
493,152.59,260.79,24.06,391.73,134.62
494,152.99,265.44,24.23,389.28,128.26
495,155.85,276.2,25.54,396.11,130.75
496,155.0,279.43,25.73,389.99,125.81
497,157.4,272.23,25.9,393.74,127.14
498,159.28,273.78,26.2,398.91,130.55
499,157.83,272.29,26.47,392.11,127.18
500,158.93,277.66,27.19,393.17,126.84
501,160.25,280.57,26.78,395.75,124.91
502,158.28,276.38,26.53,396.49,128.49
503,157.65,275.23,26.41,395.6,128.88
504,160.77,280.51,26.98,401.35,129.14
505,162.36,284.05,27.38,403.7,128.75
506,164.9,288.3,27.78,409.39,130.31
507,166.17,287.23,27.97,410.95,130.16
508,165.63,287.18,27.45,408.67,128.42
509,163.76,284.34,26.88,407.6,127.61
510,164.66,291.6,27.04,409.19,127.47
511,162.03,289.39,27.58,409.61,127.89
512,160.8,282.83,27.17,409.72,128.52
513,160.1,283.49,26.5,408.05,128.5
514,165.56,289.84,26.46,413.47,128.99
515,165.21,286.14,26.76,412.46,138.73
516,165.23,288.8,27.0,413.94,139.83
517,166.47,288.37,27.67,414.21,141.4
518,167.63,288.45,27.93,414.14,141.22
519,166.65,286.11,27.1,411.88,140.81
520,165.02,285.76,27.12,412.2,140.54
521,165.33,281.77,27.04,412.63,140.73
522,163.77,275.42,26.24,406.08,137.67
523,163.76,295.37,26.96,404.36,135.23
524,168.41,304.83,27.23,412.41,137.05
525,169.68,307.26,27.75,415.93,138.24
526,169.59,305.56,28.91,415.51,141.2
527,168.54,305.41,28.21,410.84,138.92
528,167.45,304.4,27.8,408.02,135.98
529,165.79,305.41,27.56,405.13,134.12
530,173.57,310.65,28.68,412.63,136.74
531,173.5,308.65,29.15,412.74,137.07
532,171.77,307.0,28.57,410.93,136.41
533,173.56,312.31,28.89,412.85,136.48
534,173.75,310.11,28.58,412.13,136.05
535,172.57,308.97,28.34,411.59,134.1
536,172.07,309.46,28.95,413.01,135.23
537,172.07,311.74,29.21,410.25,134.32
538,172.69,314.0,30.18,415.23,138.45
539,175.05,318.52,31.68,419.23,139.5
540,175.16,318.34,31.26,418.62,139.18
541,174.2,321.18,31.18,418.79,138.03
542,171.56,315.26,30.69,414.09,136.59
543,171.84,313.85,30.54,411.09,135.34
544,172.99,325.92,37.98,414.65,135.67
545,175.43,332.89,38.95,420.02,136.94
546,177.3,331.21,40.11,420.18,137.46
547,177.25,328.39,37.83,417.85,135.71
548,180.09,332.58,39.77,421.82,137.58
549,180.95,335.4,39.33,427.92,140.47
550,179.58,335.94,39.17,427.1,139.09
551,179.21,333.68,38.65,428.03,139.34
552,177.82,323.38,37.48,426.55,140.69
553,180.57,325.26,38.51,429.13,140.73
554,180.96,326.79,38.77,429.9,141.01
555,183.79,331.85,39.48,433.8,141.0
556,183.31,334.29,41.02,436.66,142.02
557,183.95,337.34,43.0,437.18,141.49
558,186.01,348.1,42.65,442.6,143.09
559,184.92,342.33,42.69,439.46,143.26
560,185.01,338.05,43.81,437.18,142.53
561,183.96,333.56,43.05,434.94,142.32
562,187.0,339.71,43.03,436.51,139.58
563,186.68,335.02,42.21,433.21,138.85
564,185.27,328.6,40.63,431.44,139.19
565,188.06,334.57,41.88,436.17,139.2
566,189.25,335.85,41.12,436.39,138.59
567,189.59,335.05,40.82,438.11,143.43
568,193.97,340.54,42.3,443.28,145.44
569,192.46,337.99,42.41,443.79,146.61
570,191.33,338.15,42.32,443.13,144.64
571,191.81,341.27,42.1,439.66,143.21
572,190.68,337.22,42.5,438.55,144.34
573,188.61,331.83,42.18,439.66,145.15
574,188.08,332.47,42.41,442.46,147.42
575,189.77,337.2,43.9,446.02,148.15
576,190.54,342.66,45.98,449.56,148.87
577,190.69,345.24,45.47,449.28,149.77
578,193.99,345.73,46.46,450.84,153.38
579,193.73,359.49,47.49,454.19,153.66
580,195.1,355.08,47.08,455.2,154.25
581,193.13,346.87,45.52,452.18,156.15
582,191.94,343.77,44.31,452.18,154.95
583,192.75,345.11,44.61,454.2,158.0
584,193.62,350.98,45.68,455.44,156.82
585,194.5,337.77,45.45,455.51,157.76
586,193.22,330.72,45.9,452.49,156.02
587,195.83,338.37,46.75,456.92,156.91
588,196.45,335.92,46.73,457.79,157.96
589,195.61,336.34,46.51,456.48,157.18
590,192.58,327.5,44.27,450.13,155.4
591,191.17,326.66,44.52,448.84,156.35
592,181.99,327.78,44.68,446.81,156.02
593,178.85,330.11,45.42,450.71,156.76
594,179.8,326.05,44.66,448.75,155.88
595,178.19,322.23,42.55,445.75,153.79
596,177.97,322.93,42.39,445.91,153.56
597,177.79,321.01,40.85,445.65,154.45
598,179.46,324.04,43.75,448.11,154.77
599,177.45,321.86,43.94,442.89,150.83
600,176.57,320.4,43.49,439.64,150.19
601,174.0,316.88,43.34,436.29,148.63
602,174.49,316.48,43.3,436.5,148.97
603,175.84,321.88,46.97,439.34,149.48
604,177.23,322.46,45.67,438.15,146.38
605,181.12,327.0,47.12,443.03,147.37
606,176.38,319.97,47.16,436.89,147.23
607,178.61,322.98,46.02,439.97,147.05
608,180.19,323.7,46.84,442.76,147.56
609,184.12,328.41,48.78,449.16,148.76
610,187.65,328.79,49.26,451.01,148.16
611,187.87,327.76,49.36,450.35,146.33
612,189.46,328.66,48.51,451.19,146.82
613,189.7,333.55,48.55,449.24,145.2
614,182.91,332.88,47.06,446.22,144.96
615,177.56,329.91,46.24,444.85,143.72
616,178.18,334.27,45.57,445.52,143.83
617,179.36,337.94,45.18,448.45,144.46
618,176.3,331.77,44.87,445.99,146.34
619,174.21,336.06,45.49,446.51,146.41
620,175.74,338.7,45.58,450.36,149.25
621,175.01,330.22,43.9,443.37,148.81
622,177.97,329.06,43.97,443.63,149.12
623,179.07,328.65,43.52,442.71,148.93
624,175.49,320.77,42.24,438.64,148.3
625,173.93,319.53,41.02,431.39,147.14
626,174.79,317.01,41.61,430.42,145.73
627,176.08,317.54,42.22,432.23,146.45
628,171.96,312.14,41.91,425.88,144.93
629,170.43,312.79,42.47,426.05,145.78
630,170.69,313.64,43.09,428.52,147.59
631,171.21,315.75,43.5,427.48,145.02
632,173.75,321.8,44.78,427.31,143.77
633,172.4,313.39,43.52,421.59,142.71
634,173.66,318.96,44.04,424.66,143.35
635,174.91,319.36,44.69,424.5,142.9
636,177.49,327.26,45.76,429.54,145.1
637,178.99,329.82,45.27,432.29,144.77
638,178.39,328.39,45.8,434.54,145.65
639,179.8,332.42,46.81,436.32,146.15
640,180.71,331.16,46.95,433.66,145.81
641,178.85,327.73,45.46,431.5,148.0
642,178.72,332.64,46.1,436.04,147.85
643,177.15,332.06,43.94,436.02,147.53
644,175.84,330.11,42.2,430.21,145.91
645,175.46,331.32,42.1,426.43,145.29
646,172.88,326.67,41.39,421.19,142.95
647,173.0,329.32,42.98,420.46,141.0
648,173.44,330.53,43.66,423.63,141.17
649,171.1,340.67,41.78,417.55,140.4
650,166.89,327.89,40.33,412.55,140.76
651,168.22,329.81,40.5,410.68,135.69
652,170.29,337.31,41.16,415.59,137.42
653,170.77,338.11,40.78,418.2,139.06
654,173.97,346.07,42.33,422.66,138.94
655,177.57,348.32,43.51,430.76,141.42
656,176.65,352.8,45.01,434.69,143.0
657,179.23,356.53,45.75,435.69,144.08
658,181.82,360.53,45.96,436.93,144.01
659,182.89,363.2,46.57,437.25,144.72
660,182.41,360.69,46.95,433.84,144.29
661,186.4,369.67,48.34,440.61,146.43
662,184.8,366.68,48.62,440.19,145.78
663,187.44,370.27,49.66,448.73,148.44
664,188.01,369.67,48.89,449.68,149.74
665,189.71,376.17,49.48,450.23,151.45
666,189.69,369.85,49.3,450.79,152.82
667,191.45,377.44,50.41,454.26,153.29
668,190.64,373.07,49.94,453.27,152.97
669,191.31,377.85,48.72,455.02,153.33
670,189.97,377.43,47.78,455.3,153.54
671,189.79,378.61,48.24,454.48,153.19
672,190.4,382.7,47.82,454.93,153.54
673,189.37,378.85,48.14,454.61,154.32
674,189.95,378.91,46.77,456.4,156.08
675,191.24,374.51,46.77,459.1,156.84
676,189.43,369.14,45.51,456.69,157.99
677,193.42,372.52,46.57,456.6,157.97
678,192.32,368.8,45.5,454.76,156.31
679,194.27,370.95,46.6,458.23,156.79
680,195.71,374.23,47.51,460.2,158.52
681,193.18,371.3,46.63,461.99,159.1
682,194.71,374.38,47.66,464.1,160.52
683,197.96,374.37,48.09,470.5,161.06
684,198.11,365.93,48.35,472.01,163.99
685,197.57,370.73,48.89,469.33,165.23
686,195.89,372.65,50.08,471.97,166.23
687,196.94,373.26,49.6,474.84,168.45
688,194.83,370.62,48.11,468.26,166.55
689,194.68,373.54,48.99,472.7,167.5
690,193.6,374.58,48.83,473.65,167.4
691,193.05,374.66,49.28,475.65,168.39
692,193.15,374.07,49.42,476.51,169.4
693,193.58,375.28,49.52,476.69,170.3
694,192.53,376.04,49.52,475.31,170.1
695,185.64,370.87,48.17,472.65,172.08
696,184.25,370.6,47.57,468.79,171.33
697,181.91,367.94,48.0,467.28,171.41
698,181.18,367.75,49.1,467.92,172.27
699,185.56,374.69,52.25,474.6,172.02
700,185.14,375.79,53.14,473.88,170.66
701,186.19,382.77,54.35,476.56,171.02
702,185.59,384.63,54.82,476.35,170.3
703,185.92,388.47,54.71,476.68,169.05
704,183.63,390.27,56.38,474.93,167.99
705,182.68,389.47,56.05,472.29,167.09
706,188.63,393.87,57.11,476.49,167.42
707,191.56,398.67,59.49,482.43,170.31
708,193.89,396.51,59.65,483.45,170.11
709,195.18,398.9,59.87,484.86,168.99
710,194.5,402.56,61.36,485.39,170.5
711,194.17,404.87,61.62,488.03,172.94
712,192.42,403.93,61.03,487.41,172.28
713,191.73,409.72,62.47,491.27,172.73
714,188.04,408.59,62.77,490.89,176.27
715,184.4,397.58,61.53,482.88,174.36
716,186.86,403.78,63.03,489.2,173.73
717,185.85,411.22,66.16,494.35,174.73
718,187.68,405.65,69.33,492.55,174.5
719,189.3,405.49,68.22,493.98,175.1
720,189.41,414.05,70.1,498.1,175.43
721,188.32,414.11,69.64,498.32,174.8
722,188.85,420.55,72.13,501.2,175.01
723,187.15,415.26,72.25,500.98,175.79
724,185.04,406.32,72.13,494.08,174.26
725,184.15,409.49,73.9,498.57,176.03
726,183.86,406.56,72.66,502.01,179.87
727,182.31,404.06,72.61,499.51,179.03
728,181.56,402.79,69.45,496.76,179.73
729,182.32,402.18,67.47,497.21,180.9
730,184.37,411.65,78.54,507.5,183.07
731,182.52,410.34,78.82,507.85,183.99
732,181.16,407.54,79.09,505.99,183.36
733,182.63,407.48,78.7,506.93,183.45
734,181.42,407.72,77.66,506.26,184.38
735,180.75,413.64,79.11,508.08,186.06
736,179.66,415.5,82.28,512.85,185.29
737,175.1,414.92,85.24,512.3,186.68
738,170.12,402.65,85.96,507.18,188.55
739,169.12,402.09,88.7,509.75,189.53
740,169.0,409.14,92.67,514.81,187.87
741,170.73,406.22,87.53,511.72,188.22
742,172.75,404.52,85.77,511.28,188.29
743,173.23,415.28,91.91,516.78,189.84
744,171.13,415.1,90.89,515.97,191.38
745,173.0,425.22,87.94,514.95,187.97
746,172.62,416.42,87.84,509.83,190.3
747,173.72,417.32,88.46,512.86,192.66
748,176.08,421.41,89.4,515.71,193.79
749,178.67,425.23,90.37,520.48,196.33
750,171.37,429.37,91.44,522.2,199.06
751,172.28,428.74,94.29,521.21,196.62
752,170.85,422.86,95.0,519.77,194.82
753,169.71,421.65,92.56,518.81,195.73
754,173.31,421.43,90.25,523.17,199.52
755,171.48,420.72,90.36,523.07,200.3
756,170.03,424.57,90.36,522.16,198.94
757,168.84,421.44,89.45,518.84,198.86
758,169.65,420.45,88.96,519.41,198.3
759,168.82,417.88,85.91,513.07,195.65
760,169.58,425.52,88.01,518.43,197.45
761,168.45,424.59,87.13,518.72,198.48
762,169.67,426.28,85.35,519.32,197.15
763,167.78,423.26,87.04,514.12,195.47
764,175.04,427.93,90.62,518.0,195.43
765,176.55,421.9,88.19,510.85,182.79
766,172.69,413.64,86.0,504.45,182.89
767,169.38,414.58,87.42,503.53,180.8
768,168.0,411.84,84.04,500.55,180.08
769,167.04,404.27,84.67,499.52,181.25
770,165.0,399.12,76.2,495.16,185.8
771,165.84,400.96,79.52,499.72,189.41
772,166.9,407.57,82.42,505.65,192.14
773,169.02,409.06,79.68,505.41,193.08
774,169.89,399.04,82.63,503.49,193.37
775,169.3,406.32,87.74,508.26,193.49
776,173.5,402.25,87.76,510.06,193.28
777,170.33,389.33,86.4,501.98,191.74
778,169.3,394.94,83.04,500.35,191.86
779,173.03,397.84,85.82,505.03,191.66
780,183.38,406.66,88.79,511.29,190.51
781,181.71,413.54,92.14,516.57,192.0
782,182.4,409.34,90.55,517.14,191.75
783,182.74,410.54,90.41,517.19,195.65
784,184.57,412.32,88.75,520.17,197.5
785,183.05,414.74,89.88,520.84,198.77
786,186.28,413.72,90.4,520.91,198.73
787,187.43,416.56,91.36,523.3,201.51
788,189.72,423.08,94.63,529.78,202.11
789,189.84,420.99,94.36,528.69,202.47
790,189.87,420.21,92.48,529.45,204.79
791,191.04,425.34,94.78,530.06,195.58
792,192.35,429.04,95.39,531.36,199.52
793,190.9,430.52,94.95,529.83,198.31
794,186.88,427.0,103.8,525.96,196.92
795,189.98,430.16,106.47,529.44,200.71
796,189.99,430.32,113.9,529.81,199.5
797,190.29,429.17,114.83,526.1,198.11
798,191.29,414.67,110.5,522.61,199.33
799,192.25,415.13,109.63,527.37,202.63
800,194.03,413.52,115.0,527.8,201.82
801,194.35,416.07,116.44,528.39,199.16
802,195.87,424.01,122.44,534.67,197.26
803,194.48,424.52,121.0,534.66,196.91
804,196.89,423.85,120.89,534.01,199.95
805,193.12,427.87,121.79,535.66,199.61
806,207.15,432.68,120.91,536.95,194.36
807,213.07,441.06,125.2,541.36,191.53
808,214.24,441.58,129.61,542.45,193.66
809,212.49,442.57,131.88,542.78,193.78
810,216.67,448.37,130.98,547.1,194.98
811,214.29,446.34,135.58,548.49,197.0
812,209.68,445.7,130.78,547.0,198.67
813,207.49,449.78,126.57,544.51,196.3
814,208.14,447.67,118.11,542.74,198.88
815,209.07,450.95,126.09,544.83,198.07
816,213.25,452.16,126.4,545.51,197.43
817,214.1,452.85,123.99,546.37,199.17
818,210.62,446.95,123.54,544.22,202.26
819,216.75,456.73,124.3,545.34,205.45
820,220.27,459.28,122.67,549.01,208.83
821,221.55,460.77,128.28,551.46,208.69
822,226.34,467.56,125.83,554.64,204.79
823,227.82,466.24,128.2,555.28,205.17
824,228.68,459.54,131.38,555.82,207.63
825,232.98,466.25,134.91,561.32,207.8
826,227.57,454.7,127.4,556.48,207.45
827,230.54,453.55,129.24,559.99,204.94
828,234.4,453.96,128.44,561.53,210.05
829,234.82,449.52,126.36,564.86,213.62
830,228.88,443.52,117.99,556.94,216.87
831,224.18,440.37,121.09,552.66,209.98
832,224.31,437.11,117.93,548.99,209.78
833,223.96,442.94,123.54,554.65,210.28
834,225.01,444.85,122.59,553.78,210.33
835,218.54,428.9,114.25,541.23,208.59
836,217.49,418.4,112.28,538.41,208.67
837,217.96,425.27,113.06,544.44,212.24
838,218.24,426.73,111.59,544.76,210.85
839,218.8,422.92,103.73,542.0,215.19
840,222.08,418.35,117.02,550.81,212.8
841,218.36,417.11,109.21,543.01,207.96
842,219.86,408.49,107.27,532.9,199.14
843,209.27,395.15,100.45,517.38,194.9
844,207.23,399.61,104.25,522.15,200.34
845,209.82,398.43,98.91,518.66,200.4
846,213.31,402.69,104.97,530.65,204.06
847,216.24,406.02,104.75,532.99,205.8
848,217.53,406.81,109.02,533.27,206.19
849,221.27,414.01,116.14,542.04,207.94
850,221.72,416.86,118.08,543.75,210.24
851,224.72,421.03,122.86,553.07,211.55
852,226.05,418.47,124.58,554.31,213.97
853,225.89,421.53,130.0,559.61,215.45
854,226.51,424.8,127.25,558.7,214.52
855,226.4,424.14,128.5,560.62,214.6
856,224.53,415.55,123.74,556.22,216.63
857,226.84,416.79,129.37,562.13,218.31
858,227.18,413.49,126.46,560.79,219.17
859,228.03,413.84,128.3,561.56,220.18
860,226.49,410.6,125.61,558.3,221.29
861,229.79,413.12,117.59,558.35,222.21
862,229.0,417.14,119.37,563.68,224.8
863,222.77,409.44,108.0,552.08,220.3
864,220.85,408.9,106.21,550.95,219.33
865,222.38,408.39,107.21,549.61,217.63
866,220.82,401.7,102.83,540.36,212.46
867,220.91,405.72,106.47,546.41,216.81
868,220.11,414.2,108.1,548.79,205.56
869,222.66,423.04,116.91,554.42,207.23
870,222.77,427.0,119.14,559.09,206.6
871,222.5,430.59,119.1,562.01,204.32
872,216.32,431.34,116.78,562.84,207.86
873,216.79,435.15,115.59,563.07,209.25
874,220.69,430.81,113.37,561.4,207.53
875,228.87,438.69,117.87,570.98,210.48
876,228.2,435.27,116.0,568.25,211.09
877,226.47,433.51,116.26,569.67,211.44
878,227.37,429.17,120.87,571.3,211.59
879,226.37,432.11,123.51,570.04,210.19
880,227.52,431.31,124.04,572.3,209.78
881,227.79,428.02,121.4,571.47,210.5
882,233.0,430.3,121.44,573.76,210.86
883,226.21,420.69,117.0,568.62,207.04
884,226.78,417.13,118.85,568.86,207.29
885,225.67,416.54,122.85,567.82,205.23
886,226.8,416.06,124.92,572.98,211.22
887,221.69,409.54,127.72,567.8,210.93
888,225.77,414.71,132.89,573.17,210.75
889,229.54,417.46,132.65,577.14,213.42
890,229.04,415.84,134.81,576.13,212.84
891,227.55,416.32,134.8,579.58,222.29
892,231.3,419.14,138.07,584.32,221.48
893,233.85,418.74,131.6,579.78,222.39
894,231.78,416.12,135.72,582.3,223.64
895,232.15,416.72,136.93,582.35,224.42
896,235.0,418.16,138.0,584.59,225.37
897,236.48,418.78,143.71,583.63,223.0
898,235.86,427.51,143.59,583.32,224.12
899,230.76,424.6,139.56,577.99,223.41
900,230.57,424.73,140.41,579.24,224.98
901,231.41,428.15,141.54,579.04,222.31
902,233.4,426.59,140.52,580.83,225.5
903,233.67,431.95,141.25,581.77,222.9
904,230.1,432.53,139.34,580.01,224.41
905,225.91,406.35,132.76,568.64,221.92
906,222.91,410.37,135.4,571.04,222.94
907,222.01,408.46,136.05,569.81,219.78
908,223.45,411.46,139.91,576.7,221.49
909,222.72,420.18,145.61,591.04,247.06
910,227.48,425.43,148.88,595.61,236.38
911,226.96,422.54,147.63,598.19,236.98
912,224.23,418.01,145.26,598.76,239.29
913,224.23,423.03,148.29,596.9,239.56
914,225.12,425.2,146.27,597.19,241.16
915,228.22,426.89,146.76,593.35,241.87
916,225.0,415.0,141.98,585.75,245.31
917,228.02,415.76,140.15,588.15,245.03
918,228.28,417.79,147.01,590.3,243.09
919,229.0,415.49,145.89,590.5,240.78
920,228.52,412.87,146.67,593.67,244.76
921,229.87,417.0,141.95,595.51,248.55
922,232.87,418.79,136.02,597.53,250.29
923,235.06,427.99,136.92,600.65,249.97
924,234.93,422.99,135.34,598.83,249.79
925,237.33,423.46,138.25,602.55,249.72
926,239.59,430.98,138.63,603.63,246.25
927,242.65,431.2,140.26,603.91,244.82
928,243.01,437.42,145.14,607.66,243.4
929,243.04,442.62,145.06,606.66,245.48
930,242.84,443.57,142.44,607.81,247.36
931,246.75,446.02,138.81,604.68,243.81
932,247.77,443.33,135.07,602.8,242.86
933,246.49,448.99,139.31,607.46,243.53
934,247.96,449.56,137.34,604.33,241.53
935,248.13,447.27,134.25,604.21,239.94
936,251.04,451.59,132.0,606.79,239.58
937,253.48,454.46,130.39,604.29,238.36
938,248.05,437.39,128.91,586.28,230.37
939,249.79,437.03,130.68,586.1,232.96
940,254.49,436.6,134.7,591.15,237.6
941,255.27,435.25,139.67,594.69,238.39
942,258.2,439.33,140.22,601.3,242.31
943,259.02,438.11,139.93,601.34,243.14
944,255.59,430.53,137.01,595.01,241.17
945,252.2,424.83,137.49,588.22,239.32
946,250.42,421.5,134.29,586.08,239.71
947,243.85,418.58,138.31,584.64,240.0
948,243.36,423.35,144.47,591.95,243.28
949,245.0,427.85,149.43,595.36,240.85
950,242.21,422.37,140.14,588.63,243.17
951,242.7,424.56,140.11,589.49,243.13
952,236.85,418.95,135.91,580.49,239.87
953,234.4,417.19,133.23,581.39,244.21
954,233.28,415.67,131.76,582.19,247.47
955,237.87,426.31,136.24,592.78,252.35
956,228.26,424.58,133.57,591.64,254.27
957,229.98,429.03,137.71,597.58,259.16
958,222.64,428.5,140.83,603.05,263.03
959,223.83,446.2,147.07,606.44,262.84
960,223.66,446.71,147.22,609.75,265.95
961,222.78,444.06,142.62,607.97,264.84
962,229.86,434.56,118.42,599.37,265.9
963,238.26,447.2,128.99,604.52,267.14
964,239.36,442.33,123.7,601.81,266.58
965,237.59,414.99,124.65,605.04,268.23
966,236.0,415.06,120.07,601.82,267.3
967,228.01,410.92,116.66,597.77,266.81
968,232.8,412.37,118.65,601.78,267.94
969,232.47,413.29,124.83,604.22,270.43
970,233.22,415.82,128.68,606.32,276.9
971,227.63,409.75,129.84,600.77,275.8
972,227.65,412.22,133.57,604.85,271.04
973,232.62,411.44,132.8,605.31,274.99
974,236.87,409.04,131.14,603.36,275.45
975,241.53,410.54,135.29,609.73,276.32
976,244.6,408.43,138.85,609.7,276.59
977,244.47,409.64,139.4,611.49,279.95
978,244.87,414.77,139.23,612.93,279.25
979,245.83,416.13,140.11,610.38,266.8
980,245.55,408.21,134.43,599.94,264.24
981,247.1,404.0,130.28,597.21,261.34
982,247.04,397.9,126.63,594.24,257.4
983,240.36,399.73,131.28,594.54,258.79
984,237.3,392.53,120.15,585.05,259.05
985,241.84,396.99,124.92,594.18,264.65
986,238.03,388.49,114.06,583.77,260.62
987,235.93,388.61,115.99,576.86,250.25
988,235.74,401.02,117.3,583.06,251.53
989,235.33,396.89,110.57,572.71,246.54
990,239.07,393.31,112.69,575.92,242.28
991,227.48,380.16,106.98,560.58,232.22
992,220.84,380.45,108.76,555.92,229.14
993,216.98,383.27,115.74,558.87,227.9
994,209.68,378.77,115.58,551.42,225.19
995,213.49,388.56,121.67,562.81,232.44
996,214.0,388.7,119.53,567.15,233.93
997,212.69,383.52,115.43,561.02,234.97
998,215.24,387.82,117.52,567.13,239.11
999,214.1,386.84,118.53,565.49,239.01
1000,218.27,391.26,117.7,563.98,241.63
1001,220.73,393.08,121.41,574.08,248.06
1002,223.75,395.16,120.69,575.46,251.13
1003,221.53,389.97,113.76,568.59,251.03
1004,223.85,390.58,111.43,567.08,248.12
1005,217.9,378.8,109.67,555.66,242.85
1006,222.13,375.39,108.38,559.39,245.3
1007,223.19,382.19,110.15,560.97,243.66
1008,223.89,382.14,110.42,564.52,245.82
1009,203.19,373.11,101.8,536.7,228.69
1010,188.38,359.84,94.31,505.28,210.28
1011,181.46,357.86,97.64,504.38,214.44
1012,172.42,354.56,96.3,496.48,216.87
1013,198.85,390.49,114.33,548.62,234.34
1014,190.42,381.35,107.57,524.58,227.11
1015,198.15,388.45,110.93,533.94,236.2
1016,202.52,387.81,110.71,539.12,234.72
1017,202.14,385.73,112.2,537.61,233.13
1018,194.27,371.61,104.49,525.66,229.61
1019,196.98,367.78,101.49,526.41,231.96
1020,193.16,359.12,96.91,513.88,228.99
1021,199.74,366.82,98.89,527.25,235.59
1022,204.6,374.39,102.71,535.42,240.84
1023,208.37,387.3,106.43,546.69,244.64
1024,209.28,391.85,111.01,550.64,243.55
1025,210.14,391.16,108.73,550.85,243.22
1026,211.21,394.04,109.02,554.32,244.62
1027,212.5,395.26,108.92,554.54,244.62
1028,213.32,425.4,111.61,558.47,246.89
1029,205.35,435.28,114.5,566.76,252.51
1030,198.89,436.17,113.82,563.51,252.56
1031,198.51,433.31,113.54,558.8,249.25
1032,196.25,433.35,117.06,561.15,249.39
1033,197.49,438.17,117.37,565.06,253.47
1034,198.53,438.73,116.65,564.34,253.08
1035,210.79,449.26,123.0,582.99,260.05
1036,212.93,449.14,129.93,586.84,263.01
1037,212.33,452.94,135.34,587.59,265.64
1038,211.45,453.13,134.83,590.46,267.49
1039,211.26,454.27,135.4,594.2,267.56
1040,208.78,458.87,135.57,594.85,264.88
1041,206.86,458.17,134.38,592.85,265.68
1042,202.09,452.57,131.8,582.86,261.04
1043,201.36,454.86,132.83,583.09,260.67
1044,195.27,450.18,131.29,579.11,260.71
1045,200.21,460.69,135.5,591.15,265.29
1046,200.42,457.36,134.81,587.73,263.49
1047,199.95,458.68,139.19,590.05,264.37
1048,200.85,460.36,135.13,589.39,264.0
1049,201.7,461.97,137.38,592.71,264.66
1050,203.27,462.97,141.22,596.09,266.27
1051,202.82,463.87,141.92,595.93,264.22
1052,200.63,467.68,139.99,593.05,261.95
1053,203.92,470.38,141.72,599.14,265.73
1054,201.45,472.75,142.63,599.68,266.74
1055,202.67,470.92,143.96,603.08,268.6
1056,198.78,472.62,142.83,601.36,268.15
1057,199.2,478.87,145.0,603.75,268.24
1058,196.45,474.96,141.97,597.0,264.95
1059,198.42,479.14,144.69,602.68,270.36
1060,195.64,478.04,144.12,597.53,269.52
1061,196.58,480.24,145.48,597.44,273.96
1062,201.0,477.4,143.85,594.28,275.0
1063,201.5,486.0,144.17,600.15,278.27
1064,200.3,490.11,147.9,606.78,281.26
1065,201.56,492.27,154.31,607.12,284.06
1066,201.0,497.45,155.02,611.87,288.75
1067,201.08,495.94,157.75,614.91,287.11
1068,205.17,497.41,157.99,617.85,289.91
1069,207.82,492.05,153.3,617.65,290.41
1070,212.44,491.09,157.25,620.45,292.0
1071,213.55,498.84,159.34,625.34,296.0
1072,209.95,497.72,158.24,620.68,291.97
1073,210.01,496.62,160.0,620.34,282.78
1074,211.14,503.51,162.88,624.06,283.16
1075,212.41,501.48,164.1,625.82,288.19
1076,211.16,503.32,164.92,623.62,286.86
1077,208.62,503.02,164.07,624.81,288.7
1078,209.11,505.82,170.7,622.14,286.55
1079,210.16,505.62,171.37,624.22,285.82
1080,210.02,511.7,173.0,628.04,289.9
1081,211.18,510.05,172.41,627.58,291.27
1082,212.48,510.06,171.38,628.77,290.97
1083,214.4,505.27,167.03,628.86,291.43
1084,214.15,505.87,170.78,634.21,296.76
1085,213.76,510.88,173.74,634.42,296.55
1086,213.88,513.71,173.5,637.1,298.62
1087,214.05,512.5,176.75,636.94,298.28
1088,211.27,512.57,175.51,635.26,297.04
1089,209.05,513.24,179.27,634.46,299.63
1090,207.57,533.5,177.87,632.08,296.24
1091,202.38,524.11,173.72,621.72,289.37
1092,203.35,535.64,180.0,631.17,294.26
1093,202.92,527.75,178.26,627.97,291.37
1094,213.25,524.94,179.42,632.78,291.35
1095,220.03,520.84,180.77,632.25,286.94
1096,229.35,522.04,182.7,637.18,288.76
1097,227.18,521.77,182.06,635.92,289.56
1098,229.65,529.24,183.16,642.69,292.85
1099,233.33,520.58,181.59,644.89,290.53
1100,232.78,522.48,182.02,644.95,294.16
1101,231.59,520.17,180.45,643.44,290.49
1102,230.89,517.1,182.01,643.3,291.53
1103,230.56,509.77,175.64,639.81,290.66
1104,226.01,505.72,175.4,638.11,292.24
1105,224.9,504.24,174.98,635.55,291.47
1106,227.76,507.23,177.99,645.31,296.24
1107,227.16,504.26,179.81,642.47,294.9
1108,229.31,502.04,181.77,645.16,298.57
1109,230.49,506.74,181.6,646.63,299.28
1110,232.56,509.64,180.17,648.92,301.07
1111,232.14,506.69,174.18,645.05,301.42
1112,229.72,505.12,170.78,640.27,299.7
1113,238.47,505.35,170.62,643.74,299.51
1114,239.78,507.97,171.66,649.12,303.82
1115,239.69,495.0,167.02,647.24,294.38
1116,237.88,498.2,168.31,648.83,292.91
1117,234.35,498.41,170.76,650.33,297.85
1118,226.79,500.37,177.33,652.21,300.54
1119,230.03,501.01,177.17,657.63,305.56
1120,234.07,509.9,177.82,657.41,306.91
1121,236.7,515.36,177.75,660.91,308.9
1122,238.15,509.04,174.88,660.0,309.19
1123,238.99,510.02,170.29,659.18,311.75
1124,237.88,508.45,176.24,662.26,313.23
1125,245.5,517.93,176.67,663.7,314.78
1126,256.08,514.45,183.61,666.84,312.44
1127,254.43,509.23,178.43,663.21,312.74
1128,252.31,510.15,176.97,661.1,313.42
1129,256.87,507.03,177.69,658.05,313.45
1130,255.46,511.46,178.19,661.82,316.06
1131,254.43,514.6,181.85,663.68,315.69
1132,254.63,517.95,186.58,666.18,315.43
1133,255.45,519.71,187.24,668.45,310.71
1134,257.13,515.74,188.89,669.22,307.55
1135,258.02,517.35,187.62,669.21,310.03
1136,256.69,528.57,185.54,671.61,309.18
1137,256.48,523.98,185.04,669.12,307.69
1138,258.06,524.85,189.11,673.11,304.03
1139,254.04,522.4,192.57,671.16,305.53
1140,245.27,510.96,183.16,653.02,300.89
1141,247.66,514.05,188.32,663.04,307.97
1142,247.77,513.57,180.03,662.23,302.08
1143,249.34,513.43,179.83,665.17,305.69
1144,247.45,511.61,181.81,660.64,298.54
1145,252.29,513.58,183.22,664.39,297.56
1146,262.24,516.79,182.64,671.3,302.36
1147,262.77,517.66,181.16,671.29,297.09
1148,258.45,520.54,180.28,667.8,294.11
1149,259.58,520.56,182.16,671.76,294.54
1150,262.82,523.61,186.26,677.25,300.44
1151,268.81,531.52,191.49,685.24,304.15
1152,269.0,542.07,201.03,687.06,305.36
1153,269.7,541.55,207.04,687.39,305.51
1154,271.4,525.76,202.89,679.83,309.44
1155,270.37,517.81,202.49,682.06,311.12
1156,269.05,517.03,206.88,683.34,309.35
1157,270.04,514.33,198.69,675.24,309.25
1158,270.14,507.16,195.21,677.58,311.68
1159,269.77,497.1,188.08,670.31,313.42
1160,268.47,496.82,188.15,670.97,314.21
1161,269.43,506.0,199.05,681.44,316.89
1162,275.25,508.68,193.16,683.0,315.62
1163,273.47,511.14,193.8,683.38,320.41
1164,272.95,503.29,186.86,672.04,309.48
1165,272.41,510.18,190.17,671.93,303.61
1166,267.46,507.49,186.6,665.67,300.37
1167,267.44,493.79,181.36,660.08,299.41
1168,268.56,487.12,186.52,662.63,303.27
1169,266.25,478.43,180.64,652.53,298.38
1170,271.49,472.12,178.88,659.03,298.02
1171,275.92,474.0,182.55,668.73,298.0
1172,276.97,476.99,177.82,675.02,303.0
1173,277.55,485.5,180.26,679.68,307.64
1174,278.85,492.01,177.0,683.39,313.08
1175,283.1,486.74,179.92,680.27,308.92
1176,286.19,490.0,181.46,681.53,307.88
1177,284.15,477.73,179.59,683.89,312.13
1178,280.7,480.84,183.38,684.39,316.1
1179,278.78,483.16,182.41,685.69,315.04
1180,277.89,491.02,185.55,683.63,315.21
1181,277.18,492.02,184.97,683.04,300.51
1182,278.78,478.56,183.78,687.57,310.11
1183,278.03,483.47,180.93,689.17,317.38
1184,278.28,478.53,175.02,681.76,318.52
1185,274.11,474.82,176.29,680.73,320.02
1186,274.61,476.39,177.72,678.87,315.55
1187,271.84,476.12,170.94,671.4,314.98
1188,272.19,483.98,174.14,676.47,313.0
1189,273.67,485.92,180.99,680.59,317.21
1190,270.97,484.92,183.69,684.83,323.09
1191,272.36,486.85,189.21,687.96,325.93
1192,273.81,488.02,188.61,690.38,329.17
1193,273.4,487.71,190.53,690.31,327.91
1194,273.76,487.1,188.22,687.85,323.75
1195,273.08,487.48,187.54,687.01,323.52
1196,271.86,483.62,186.5,681.92,322.22
1197,271.01,472.94,188.85,683.17,325.48
1198,267.26,472.85,188.12,687.72,334.04
1199,262.36,478.51,187.24,691.81,334.61
1200,260.33,483.47,189.11,689.58,326.99
1201,259.04,478.11,185.04,689.51,329.79
1202,259.37,479.28,184.86,694.07,329.19
1203,260.25,477.18,184.94,695.16,324.49
1204,261.05,470.67,185.81,693.77,310.9
1205,259.96,459.38,183.14,690.36,307.87
1206,258.21,456.66,187.05,692.24,309.34
1207,255.53,459.86,186.23,691.66,312.47
1208,246.7,454.52,178.07,677.58,302.74
1209,247.65,444.11,183.32,685.4,302.04
1210,248.35,451.14,184.84,688.98,303.63
1211,248.04,465.95,187.67,689.23,297.72
1212,255.41,470.28,186.47,692.73,301.04
1213,258.27,480.58,188.52,695.49,300.31
1214,256.44,481.63,191.52,695.42,300.77
1215,258.28,433.5,192.51,694.04,306.42
1216,259.48,430.29,191.13,691.97,305.89
1217,270.01,423.37,185.61,695.41,308.14
1218,269.48,411.21,180.34,689.53,314.85
1219,276.49,414.19,174.19,686.19,317.27
1220,275.91,393.67,171.88,677.62,310.16
1221,278.12,401.14,185.41,690.62,322.4
1222,274.62,413.6,190.04,693.95,322.1
1223,273.68,413.27,188.54,692.12,318.24
1224,275.5,404.37,190.05,691.96,310.82
1225,261.73,401.84,186.94,681.27,302.64
1226,255.78,401.32,182.81,681.75,302.55
1227,263.88,396.86,184.97,682.85,307.13
1228,264.35,399.6,187.98,686.29,308.78
1229,260.58,398.46,187.9,684.48,308.05
1230,264.58,397.23,189.82,689.43,310.79
1231,266.18,384.47,191.55,682.39,297.67
1232,272.14,389.0,192.85,687.35,297.3
1233,274.23,400.6,195.56,693.15,303.3
1234,272.95,401.72,184.89,689.3,306.13
1235,264.18,392.74,177.19,685.99,300.3
1236,264.72,398.55,182.48,686.38,297.56
1237,263.75,403.93,180.05,680.33,300.26
1238,262.52,405.2,183.04,685.13,299.39
1239,260.29,410.68,183.34,681.31,293.55
1240,257.46,408.96,177.82,672.38,289.48
1241,259.88,409.41,182.65,678.27,289.92
1242,260.83,405.76,184.77,677.18,288.73
1243,260.81,404.88,186.03,676.33,287.52
1244,255.76,401.86,183.14,666.06,282.89
1245,250.12,395.55,180.25,662.29,283.44
1246,252.82,399.95,183.22,669.03,286.16
1247,254.23,399.41,181.93,670.79,286.89
1248,249.94,391.79,180.4,661.43,287.74
1249,248.96,389.02,178.56,659.8,287.97
1250,247.99,381.87,172.7,648.57,286.56
1251,251.49,383.0,175.64,655.38,289.91
1252,251.64,372.74,175.2,653.18,292.4
1253,252.62,371.04,178.68,656.82,295.42
1254,252.89,365.97,171.24,645.09,291.66
1255,248.8,356.77,167.52,634.09,282.84
